loss,grad_norm,learning_rate,epoch,step,eval_loss,eval_accuracy,eval_precision,eval_recall,eval_f1,eval_runtime,eval_samples_per_second,eval_steps_per_second,train_runtime,train_samples_per_second,train_steps_per_second,total_flos,train_loss
0.4718795394897461,1.6181646585464478,1.9967333333333334e-05,0.0033333333333333335,50,,,,,,,,,,,,,
0.12114614486694336,11.807047843933105,1.9934000000000003e-05,0.006666666666666667,100,,,,,,,,,,,,,
0.08823245048522949,0.09239005297422409,1.9900666666666667e-05,0.01,150,,,,,,,,,,,,,
0.03958202123641968,20.021345138549805,1.9867333333333335e-05,0.013333333333333334,200,,,,,,,,,,,,,
0.06438724994659424,4.463934421539307,1.9834000000000004e-05,0.016666666666666666,250,,,,,,,,,,,,,
0.07603716850280762,0.05329948291182518,1.9800666666666668e-05,0.02,300,,,,,,,,,,,,,
0.04368896007537842,0.4423907697200775,1.9767333333333333e-05,0.023333333333333334,350,,,,,,,,,,,,,
0.03731799364089966,0.04643978178501129,1.9734e-05,0.02666666666666667,400,,,,,,,,,,,,,
0.06299664497375489,14.376866340637207,1.970066666666667e-05,0.03,450,,,,,,,,,,,,,
0.04609431743621826,0.017507677897810936,1.9667333333333334e-05,0.03333333333333333,500,,,,,,,,,,,,,
0.02551046371459961,0.0134294917806983,1.9634000000000002e-05,0.03666666666666667,550,,,,,,,,,,,,,
0.07290629863739014,0.010893751867115498,1.9600666666666667e-05,0.04,600,,,,,,,,,,,,,
0.052896742820739744,0.030136682093143463,1.9567333333333335e-05,0.043333333333333335,650,,,,,,,,,,,,,
0.0601223611831665,0.07792705297470093,1.9534000000000003e-05,0.04666666666666667,700,,,,,,,,,,,,,
0.0440580415725708,5.437257766723633,1.9500666666666668e-05,0.05,750,,,,,,,,,,,,,
0.06923745155334472,0.019998930394649506,1.9467333333333336e-05,0.05333333333333334,800,,,,,,,,,,,,,
0.021241002082824707,22.84661865234375,1.9434e-05,0.056666666666666664,850,,,,,,,,,,,,,
0.04884363651275635,0.01353770587593317,1.940066666666667e-05,0.06,900,,,,,,,,,,,,,
0.07269874572753907,0.01839415356516838,1.9367333333333337e-05,0.06333333333333334,950,,,,,,,,,,,,,
0.07624001502990722,0.012612209655344486,1.9334e-05,0.06666666666666667,1000,,,,,,,,,,,,,
0.05346394538879395,0.01275402307510376,1.9300666666666666e-05,0.07,1050,,,,,,,,,,,,,
0.01716087818145752,0.3287365138530731,1.9267333333333334e-05,0.07333333333333333,1100,,,,,,,,,,,,,
0.018873069286346435,0.005395047832280397,1.9234000000000003e-05,0.07666666666666666,1150,,,,,,,,,,,,,
0.05729164123535156,0.013877070508897305,1.9200666666666667e-05,0.08,1200,,,,,,,,,,,,,
0.02190463066101074,0.015722176060080528,1.9167333333333335e-05,0.08333333333333333,1250,,,,,,,,,,,,,
0.03420984268188477,0.015602788887917995,1.9134e-05,0.08666666666666667,1300,,,,,,,,,,,,,
0.033666269779205324,0.016105161979794502,1.9100666666666668e-05,0.09,1350,,,,,,,,,,,,,
0.023124809265136718,0.021217698231339455,1.9067333333333336e-05,0.09333333333333334,1400,,,,,,,,,,,,,
0.031127817630767822,0.01805792562663555,1.9034e-05,0.09666666666666666,1450,,,,,,,,,,,,,
0.016773988008499146,0.012034003622829914,1.9000666666666666e-05,0.1,1500,,,,,,,,,,,,,
0.07380457401275635,0.013813856057822704,1.8967333333333334e-05,0.10333333333333333,1550,,,,,,,,,,,,,
0.09601550102233887,0.0369352363049984,1.8934000000000002e-05,0.10666666666666667,1600,,,,,,,,,,,,,
0.022137041091918944,0.06959318369626999,1.8900666666666667e-05,0.11,1650,,,,,,,,,,,,,
0.044700417518615726,0.029581373557448387,1.8867333333333335e-05,0.11333333333333333,1700,,,,,,,,,,,,,
0.03732393741607666,0.026900289580225945,1.8834e-05,0.11666666666666667,1750,,,,,,,,,,,,,
0.039868361949920654,0.01763695850968361,1.8800666666666668e-05,0.12,1800,,,,,,,,,,,,,
0.07115957260131836,11.106056213378906,1.8767333333333336e-05,0.12333333333333334,1850,,,,,,,,,,,,,
0.09794670104980469,0.019469711929559708,1.8734e-05,0.12666666666666668,1900,,,,,,,,,,,,,
0.056723828315734866,0.03224308043718338,1.870066666666667e-05,0.13,1950,,,,,,,,,,,,,
0.0312776780128479,0.02867746539413929,1.8667333333333337e-05,0.13333333333333333,2000,,,,,,,,,,,,,
0.08492060661315919,0.017738237977027893,1.8634e-05,0.13666666666666666,2050,,,,,,,,,,,,,
0.034652609825134274,0.021301407366991043,1.860066666666667e-05,0.14,2100,,,,,,,,,,,,,
0.055362401008605955,0.017324235290288925,1.8567333333333334e-05,0.14333333333333334,2150,,,,,,,,,,,,,
0.010295240879058839,0.013103146106004715,1.8534000000000002e-05,0.14666666666666667,2200,,,,,,,,,,,,,
0.04384102344512939,0.01102896872907877,1.850066666666667e-05,0.15,2250,,,,,,,,,,,,,
0.0011107651144266128,0.08563689142465591,1.8467333333333335e-05,0.15333333333333332,2300,,,,,,,,,,,,,
0.04299816608428955,0.06029455363750458,1.8434e-05,0.15666666666666668,2350,,,,,,,,,,,,,
0.04134441375732422,0.014257078059017658,1.8400666666666668e-05,0.16,2400,,,,,,,,,,,,,
0.04248856544494629,0.011636687442660332,1.8367333333333336e-05,0.16333333333333333,2450,,,,,,,,,,,,,
0.015557734966278077,2.2469382286071777,1.8334e-05,0.16666666666666666,2500,,,,,,,,,,,,,
0.05506347179412842,0.010513327084481716,1.830066666666667e-05,0.17,2550,,,,,,,,,,,,,
0.047937135696411136,0.007330039516091347,1.8267333333333334e-05,0.17333333333333334,2600,,,,,,,,,,,,,
0.04108371257781982,0.004183244425803423,1.8234000000000002e-05,0.17666666666666667,2650,,,,,,,,,,,,,
0.01681456923484802,0.008465930819511414,1.820066666666667e-05,0.18,2700,,,,,,,,,,,,,
0.03010777711868286,0.006237844470888376,1.8167333333333335e-05,0.18333333333333332,2750,,,,,,,,,,,,,
0.03664104223251343,0.006188971921801567,1.8134e-05,0.18666666666666668,2800,,,,,,,,,,,,,
0.09625625610351562,0.03195226937532425,1.8100666666666668e-05,0.19,2850,,,,,,,,,,,,,
0.03471380233764648,0.004830126650631428,1.8067333333333336e-05,0.19333333333333333,2900,,,,,,,,,,,,,
0.04990898132324219,0.004306410904973745,1.8034e-05,0.19666666666666666,2950,,,,,,,,,,,,,
0.02122386932373047,0.013212287798523903,1.800066666666667e-05,0.2,3000,,,,,,,,,,,,,
0.04840301036834717,0.011804119683802128,1.7967333333333333e-05,0.20333333333333334,3050,,,,,,,,,,,,,
0.03384894132614136,0.04808343946933746,1.7934e-05,0.20666666666666667,3100,,,,,,,,,,,,,
0.05317845344543457,0.15824460983276367,1.790066666666667e-05,0.21,3150,,,,,,,,,,,,,
0.0016079334914684295,0.006739763543009758,1.7867333333333334e-05,0.21333333333333335,3200,,,,,,,,,,,,,
0.09562904357910157,0.09679111838340759,1.7834000000000002e-05,0.21666666666666667,3250,,,,,,,,,,,,,
0.01731416940689087,0.02894255332648754,1.7800666666666667e-05,0.22,3300,,,,,,,,,,,,,
0.05827301025390625,0.016167649999260902,1.7767333333333335e-05,0.22333333333333333,3350,,,,,,,,,,,,,
0.025426101684570313,0.00836190115660429,1.7734000000000003e-05,0.22666666666666666,3400,,,,,,,,,,,,,
0.03647240877151489,0.0124094532802701,1.7700666666666668e-05,0.23,3450,,,,,,,,,,,,,
0.06533283710479737,0.04145321995019913,1.7667333333333333e-05,0.23333333333333334,3500,,,,,,,,,,,,,
0.09023221015930176,0.021778970956802368,1.7634e-05,0.23666666666666666,3550,,,,,,,,,,,,,
0.04089998722076416,0.027757640928030014,1.760066666666667e-05,0.24,3600,,,,,,,,,,,,,
0.018640607595443726,0.01040045078843832,1.7567333333333334e-05,0.24333333333333335,3650,,,,,,,,,,,,,
0.05043261528015137,0.035595908761024475,1.7534000000000002e-05,0.24666666666666667,3700,,,,,,,,,,,,,
0.01896234631538391,0.021484946832060814,1.7500666666666667e-05,0.25,3750,,,,,,,,,,,,,
0.05381319522857666,0.017782581970095634,1.7467333333333335e-05,0.25333333333333335,3800,,,,,,,,,,,,,
0.017701834440231323,0.030477624386548996,1.7434000000000003e-05,0.25666666666666665,3850,,,,,,,,,,,,,
0.0364984393119812,0.016321171075105667,1.7400666666666668e-05,0.26,3900,,,,,,,,,,,,,
0.03671566486358643,0.00974208116531372,1.7367333333333332e-05,0.2633333333333333,3950,,,,,,,,,,,,,
0.0019458314776420592,0.033357735723257065,1.7334e-05,0.26666666666666666,4000,,,,,,,,,,,,,
0.029132990837097167,0.015860339626669884,1.730066666666667e-05,0.27,4050,,,,,,,,,,,,,
0.03877291679382324,0.01629551872611046,1.7267333333333333e-05,0.2733333333333333,4100,,,,,,,,,,,,,
0.03377123594284057,0.010605487041175365,1.7234e-05,0.27666666666666667,4150,,,,,,,,,,,,,
0.05514137268066406,0.2414396107196808,1.7200666666666666e-05,0.28,4200,,,,,,,,,,,,,
0.02523086071014404,0.029046952724456787,1.7167333333333334e-05,0.2833333333333333,4250,,,,,,,,,,,,,
0.04542143821716309,0.008993661031126976,1.7134000000000002e-05,0.2866666666666667,4300,,,,,,,,,,,,,
0.0018343588709831239,0.3259642422199249,1.7100666666666667e-05,0.29,4350,,,,,,,,,,,,,
0.029239442348480225,0.01701829954981804,1.7067333333333335e-05,0.29333333333333333,4400,,,,,,,,,,,,,
0.019081209897994996,0.010554205626249313,1.7034000000000003e-05,0.2966666666666667,4450,,,,,,,,,,,,,
0.0013415220379829407,0.0066785323433578014,1.7000666666666668e-05,0.3,4500,,,,,,,,,,,,,
0.08645139694213867,12.943977355957031,1.6967333333333336e-05,0.30333333333333334,4550,,,,,,,,,,,,,
0.005394853949546814,0.020893599838018417,1.6934e-05,0.30666666666666664,4600,,,,,,,,,,,,,
0.023880248069763185,0.429072767496109,1.690066666666667e-05,0.31,4650,,,,,,,,,,,,,
0.018293590545654298,0.014931085519492626,1.6867333333333337e-05,0.31333333333333335,4700,,,,,,,,,,,,,
0.024207189083099365,0.013953647576272488,1.6834000000000002e-05,0.31666666666666665,4750,,,,,,,,,,,,,
0.023380453586578368,0.01626259833574295,1.6800666666666667e-05,0.32,4800,,,,,,,,,,,,,
0.017785085439682005,0.011049485765397549,1.6767333333333335e-05,0.3233333333333333,4850,,,,,,,,,,,,,
0.03424649477005005,0.011804649606347084,1.6734000000000003e-05,0.32666666666666666,4900,,,,,,,,,,,,,
0.0365104341506958,1.154213309288025,1.6700666666666667e-05,0.33,4950,,,,,,,,,,,,,
0.042241873741149905,0.011254674755036831,1.6667333333333336e-05,0.3333333333333333,5000,,,,,,,,,,,,,
0.0274979043006897,0.009020534344017506,1.6634e-05,0.33666666666666667,5050,,,,,,,,,,,,,
0.05775850296020508,0.013726713135838509,1.660066666666667e-05,0.34,5100,,,,,,,,,,,,,
0.009191534519195556,0.009482325986027718,1.6567333333333337e-05,0.3433333333333333,5150,,,,,,,,,,,,,
0.03814899921417236,0.019489696249365807,1.6534e-05,0.3466666666666667,5200,,,,,,,,,,,,,
0.02823742151260376,0.015093609690666199,1.6500666666666666e-05,0.35,5250,,,,,,,,,,,,,
0.04171602725982666,0.009325940161943436,1.6467333333333334e-05,0.35333333333333333,5300,,,,,,,,,,,,,
0.0334701943397522,0.55584317445755,1.6434000000000002e-05,0.3566666666666667,5350,,,,,,,,,,,,,
0.03876015186309814,0.01087203063070774,1.6400666666666667e-05,0.36,5400,,,,,,,,,,,,,
0.042961959838867185,0.3555452227592468,1.6367333333333335e-05,0.36333333333333334,5450,,,,,,,,,,,,,
0.04262107849121094,43.903778076171875,1.6334e-05,0.36666666666666664,5500,,,,,,,,,,,,,
0.012004414796829224,0.009848940186202526,1.6300666666666668e-05,0.37,5550,,,,,,,,,,,,,
0.03673394441604614,0.012576257809996605,1.6267333333333336e-05,0.37333333333333335,5600,,,,,,,,,,,,,
0.05290085315704346,0.027632728219032288,1.6234e-05,0.37666666666666665,5650,,,,,,,,,,,,,
0.0016946426033973693,0.007364141289144754,1.620066666666667e-05,0.38,5700,,,,,,,,,,,,,
0.0013932286202907563,0.004187322221696377,1.6167333333333334e-05,0.38333333333333336,5750,,,,,,,,,,,,,
0.05365913391113281,0.007537841331213713,1.6134000000000002e-05,0.38666666666666666,5800,,,,,,,,,,,,,
0.03203448534011841,0.012607937678694725,1.610066666666667e-05,0.39,5850,,,,,,,,,,,,,
0.03798187255859375,0.012338405475020409,1.6067333333333335e-05,0.3933333333333333,5900,,,,,,,,,,,,,
0.044912190437316896,0.011362813413143158,1.6034e-05,0.39666666666666667,5950,,,,,,,,,,,,,
0.037541086673736575,0.03776569291949272,1.6000666666666667e-05,0.4,6000,,,,,,,,,,,,,
0.004597570896148682,0.16748376190662384,1.5967333333333336e-05,0.4033333333333333,6050,,,,,,,,,,,,,
0.00369160532951355,0.005309468135237694,1.5934e-05,0.4066666666666667,6100,,,,,,,,,,,,,
0.028752148151397705,0.004622456151992083,1.590066666666667e-05,0.41,6150,,,,,,,,,,,,,
0.007732240557670593,0.00442148232832551,1.5867333333333333e-05,0.41333333333333333,6200,,,,,,,,,,,,,
0.021263201236724854,0.004755823407322168,1.5834e-05,0.4166666666666667,6250,,,,,,,,,,,,,
0.08476608276367187,0.01171646174043417,1.580066666666667e-05,0.42,6300,,,,,,,,,,,,,
0.01893150568008423,0.012283477000892162,1.5767333333333334e-05,0.42333333333333334,6350,,,,,,,,,,,,,
0.008554939031600952,0.008081458508968353,1.5734e-05,0.4266666666666667,6400,,,,,,,,,,,,,
0.001149013638496399,0.03501824289560318,1.5700666666666667e-05,0.43,6450,,,,,,,,,,,,,
0.018883423805236818,0.002376249525696039,1.5667333333333335e-05,0.43333333333333335,6500,,,,,,,,,,,,,
0.08010069847106933,0.02909628301858902,1.5634e-05,0.43666666666666665,6550,,,,,,,,,,,,,
0.07832226753234864,0.040456805378198624,1.5600666666666668e-05,0.44,6600,,,,,,,,,,,,,
0.03870353937149048,0.01618346944451332,1.5567333333333336e-05,0.44333333333333336,6650,,,,,,,,,,,,,
0.012462848424911499,7.7114739418029785,1.5534e-05,0.44666666666666666,6700,,,,,,,,,,,,,
0.02029405117034912,0.027970531955361366,1.550066666666667e-05,0.45,6750,,,,,,,,,,,,,
0.055943922996521,0.044625721871852875,1.5467333333333334e-05,0.4533333333333333,6800,,,,,,,,,,,,,
0.027844727039337158,0.003740019630640745,1.5434e-05,0.45666666666666667,6850,,,,,,,,,,,,,
0.013669184446334838,0.012615551240742207,1.540066666666667e-05,0.46,6900,,,,,,,,,,,,,
0.02323723793029785,0.009052334353327751,1.5367333333333334e-05,0.4633333333333333,6950,,,,,,,,,,,,,
0.01985990285873413,0.007793700322508812,1.5334000000000003e-05,0.4666666666666667,7000,,,,,,,,,,,,,
0.0539020299911499,0.019484831020236015,1.5300666666666667e-05,0.47,7050,,,,,,,,,,,,,
0.0006019044294953346,0.005074631422758102,1.5267333333333335e-05,0.47333333333333333,7100,,,,,,,,,,,,,
0.018958518505096434,0.007344882469624281,1.5234000000000002e-05,0.4766666666666667,7150,,,,,,,,,,,,,
0.040715627670288086,0.018220001831650734,1.5200666666666668e-05,0.48,7200,,,,,,,,,,,,,
0.014265913963317872,0.008192824199795723,1.5167333333333335e-05,0.48333333333333334,7250,,,,,,,,,,,,,
0.005780036449432373,0.008108207024633884,1.5134000000000003e-05,0.4866666666666667,7300,,,,,,,,,,,,,
0.011491273641586303,0.005310581997036934,1.5100666666666668e-05,0.49,7350,,,,,,,,,,,,,
0.0045154249668121335,0.004181807395070791,1.5067333333333334e-05,0.49333333333333335,7400,,,,,,,,,,,,,
0.05046630859375,0.009174319915473461,1.5034000000000002e-05,0.49666666666666665,7450,,,,,,,,,,,,,
0.040297169685363766,0.0062078069895505905,1.5000666666666669e-05,0.5,7500,,,,,,,,,,,,,
0.020813655853271485,0.010402273386716843,1.4967333333333333e-05,0.5033333333333333,7550,,,,,,,,,,,,,
0.03852158308029175,0.0038796551525592804,1.4934000000000001e-05,0.5066666666666667,7600,,,,,,,,,,,,,
0.018755611181259155,0.004337908234447241,1.4900666666666668e-05,0.51,7650,,,,,,,,,,,,,
0.04783499717712402,0.02424761839210987,1.4867333333333334e-05,0.5133333333333333,7700,,,,,,,,,,,,,
0.04591378688812256,0.7560895085334778,1.4834000000000002e-05,0.5166666666666667,7750,,,,,,,,,,,,,
0.05313700199127197,3.5305392742156982,1.4800666666666667e-05,0.52,7800,,,,,,,,,,,,,
0.029029021263122557,0.01790817268192768,1.4767333333333333e-05,0.5233333333333333,7850,,,,,,,,,,,,,
0.02563751459121704,0.354735791683197,1.4734000000000002e-05,0.5266666666666666,7900,,,,,,,,,,,,,
0.05614309310913086,0.02585768699645996,1.4700666666666668e-05,0.53,7950,,,,,,,,,,,,,
0.03534940004348755,0.02739613875746727,1.4667333333333333e-05,0.5333333333333333,8000,,,,,,,,,,,,,
0.04035758495330811,0.030114520341157913,1.4634e-05,0.5366666666666666,8050,,,,,,,,,,,,,
0.008346350193023681,0.0293546412140131,1.4600666666666667e-05,0.54,8100,,,,,,,,,,,,,
0.029338529109954836,0.013001449406147003,1.4567333333333335e-05,0.5433333333333333,8150,,,,,,,,,,,,,
0.005400315523147583,0.01255017053335905,1.4534000000000002e-05,0.5466666666666666,8200,,,,,,,,,,,,,
0.025689802169799804,0.005109834484755993,1.4500666666666667e-05,0.55,8250,,,,,,,,,,,,,
0.026613006591796873,0.005394339561462402,1.4467333333333335e-05,0.5533333333333333,8300,,,,,,,,,,,,,
0.020986614227294923,0.002956738229840994,1.4434000000000001e-05,0.5566666666666666,8350,,,,,,,,,,,,,
0.024171559810638427,0.005318086128681898,1.4400666666666667e-05,0.56,8400,,,,,,,,,,,,,
0.04896162033081055,0.007654346991330385,1.4367333333333336e-05,0.5633333333333334,8450,,,,,,,,,,,,,
0.02292534351348877,0.010255913250148296,1.4334000000000002e-05,0.5666666666666667,8500,,,,,,,,,,,,,
0.06198001861572266,0.024252615869045258,1.4300666666666667e-05,0.57,8550,,,,,,,,,,,,,
0.033813230991363526,0.014286674559116364,1.4267333333333335e-05,0.5733333333333334,8600,,,,,,,,,,,,,
0.09251908302307128,0.03242618218064308,1.4234000000000001e-05,0.5766666666666667,8650,,,,,,,,,,,,,
0.03909512758255005,0.02610595151782036,1.4200666666666668e-05,0.58,8700,,,,,,,,,,,,,
0.011509034633636474,0.007474653422832489,1.4167333333333336e-05,0.5833333333333334,8750,,,,,,,,,,,,,
0.019225744009017946,0.007884599268436432,1.4134e-05,0.5866666666666667,8800,,,,,,,,,,,,,
0.03893580675125122,0.0057671270333230495,1.4100666666666667e-05,0.59,8850,,,,,,,,,,,,,
0.026262438297271727,0.008001805283129215,1.4067333333333335e-05,0.5933333333333334,8900,,,,,,,,,,,,,
0.03773442029953003,0.013345915824174881,1.4034000000000001e-05,0.5966666666666667,8950,,,,,,,,,,,,,
0.04747806072235108,0.007554571609944105,1.4000666666666666e-05,0.6,9000,,,,,,,,,,,,,
0.0268239164352417,0.008089623413980007,1.3967333333333334e-05,0.6033333333333334,9050,,,,,,,,,,,,,
0.06198483943939209,0.032405875623226166,1.3934e-05,0.6066666666666667,9100,,,,,,,,,,,,,
0.04966267585754394,0.01921861618757248,1.3900666666666667e-05,0.61,9150,,,,,,,,,,,,,
0.022715585231781008,0.0187778789550066,1.3867333333333335e-05,0.6133333333333333,9200,,,,,,,,,,,,,
0.023637678623199463,0.01567780412733555,1.3834e-05,0.6166666666666667,9250,,,,,,,,,,,,,
0.004798202216625214,0.011655728332698345,1.3800666666666668e-05,0.62,9300,,,,,,,,,,,,,
0.025018529891967775,0.011735760606825352,1.3767333333333335e-05,0.6233333333333333,9350,,,,,,,,,,,,,
0.013605504035949708,0.008781371638178825,1.3734000000000001e-05,0.6266666666666667,9400,,,,,,,,,,,,,
0.0057908868789672855,0.0045320638455450535,1.3700666666666669e-05,0.63,9450,,,,,,,,,,,,,
0.030701115131378173,0.006555949803441763,1.3667333333333336e-05,0.6333333333333333,9500,,,,,,,,,,,,,
0.028575999736785887,0.32064294815063477,1.3634e-05,0.6366666666666667,9550,,,,,,,,,,,,,
0.0750587272644043,0.007137474603950977,1.3600666666666668e-05,0.64,9600,,,,,,,,,,,,,
0.005626534819602966,0.10642551630735397,1.3567333333333335e-05,0.6433333333333333,9650,,,,,,,,,,,,,
0.024588758945465087,0.014565643854439259,1.3534000000000001e-05,0.6466666666666666,9700,,,,,,,,,,,,,
0.0328556227684021,0.025866776704788208,1.350066666666667e-05,0.65,9750,,,,,,,,,,,,,
0.019481861591339113,0.011999033391475677,1.3467333333333334e-05,0.6533333333333333,9800,,,,,,,,,,,,,
0.004180563390254974,0.011631210334599018,1.3434e-05,0.6566666666666666,9850,,,,,,,,,,,,,
0.004168719351291657,0.006835751701146364,1.3400666666666669e-05,0.66,9900,,,,,,,,,,,,,
0.009012863039970398,0.005831280257552862,1.3367333333333335e-05,0.6633333333333333,9950,,,,,,,,,,,,,
0.005730503797531128,0.004053323529660702,1.3334e-05,0.6666666666666666,10000,,,,,,,,,,,,,
0.061923432350158694,0.010769210755825043,1.3300666666666668e-05,0.67,10050,,,,,,,,,,,,,
0.02192768096923828,0.00837025698274374,1.3267333333333334e-05,0.6733333333333333,10100,,,,,,,,,,,,,
0.03369490146636963,0.00987442210316658,1.3234e-05,0.6766666666666666,10150,,,,,,,,,,,,,
0.014600363969802856,0.00842370092868805,1.3200666666666669e-05,0.68,10200,,,,,,,,,,,,,
0.047861361503601076,0.01228345651179552,1.3167333333333334e-05,0.6833333333333333,10250,,,,,,,,,,,,,
0.013509528636932373,0.0197102352976799,1.3134e-05,0.6866666666666666,10300,,,,,,,,,,,,,
0.05654700756072998,0.007979916408658028,1.3100666666666668e-05,0.69,10350,,,,,,,,,,,,,
0.005279965996742249,0.010796674527227879,1.3067333333333334e-05,0.6933333333333334,10400,,,,,,,,,,,,,
0.049122672080993655,0.008341465145349503,1.3034e-05,0.6966666666666667,10450,,,,,,,,,,,,,
0.025885140895843504,0.010194577276706696,1.3000666666666667e-05,0.7,10500,,,,,,,,,,,,,
0.0006827934086322784,0.013518228195607662,1.2967333333333334e-05,0.7033333333333334,10550,,,,,,,,,,,,,
0.03222798824310303,0.018720336258411407,1.2934000000000002e-05,0.7066666666666667,10600,,,,,,,,,,,,,
0.04244814395904541,0.002546038944274187,1.2900666666666668e-05,0.71,10650,,,,,,,,,,,,,
0.0010074581950902939,0.009766023606061935,1.2867333333333335e-05,0.7133333333333334,10700,,,,,,,,,,,,,
0.027682039737701416,0.012097128666937351,1.2834000000000003e-05,0.7166666666666667,10750,,,,,,,,,,,,,
0.03331435441970825,0.007753359153866768,1.2800666666666668e-05,0.72,10800,,,,,,,,,,,,,
0.007262688279151917,43.954002380371094,1.2767333333333334e-05,0.7233333333333334,10850,,,,,,,,,,,,,
0.04484160423278809,0.010862624272704124,1.2734000000000002e-05,0.7266666666666667,10900,,,,,,,,,,,,,
0.08039742469787597,0.011519710533320904,1.2700666666666669e-05,0.73,10950,,,,,,,,,,,,,
0.045316152572631836,0.012376656755805016,1.2667333333333333e-05,0.7333333333333333,11000,,,,,,,,,,,,,
0.06803510189056397,0.037701111286878586,1.2634000000000001e-05,0.7366666666666667,11050,,,,,,,,,,,,,
0.022392971515655516,0.012949391268193722,1.2600666666666668e-05,0.74,11100,,,,,,,,,,,,,
0.011730067729949951,0.011660703457891941,1.2567333333333334e-05,0.7433333333333333,11150,,,,,,,,,,,,,
0.037988591194152835,0.004027033224701881,1.2534000000000002e-05,0.7466666666666667,11200,,,,,,,,,,,,,
0.006951459050178528,0.008709768764674664,1.2500666666666667e-05,0.75,11250,,,,,,,,,,,,,
0.04517631530761719,0.0076699526980519295,1.2467333333333333e-05,0.7533333333333333,11300,,,,,,,,,,,,,
0.016254013776779173,0.07287963479757309,1.2434000000000002e-05,0.7566666666666667,11350,,,,,,,,,,,,,
0.008727436661720276,0.006630606018006802,1.2400666666666668e-05,0.76,11400,,,,,,,,,,,,,
0.02341967582702637,0.0097475191578269,1.2367333333333333e-05,0.7633333333333333,11450,,,,,,,,,,,,,
0.04227534770965576,0.007377393078058958,1.2334e-05,0.7666666666666667,11500,,,,,,,,,,,,,
0.0011878085881471634,0.009018330834805965,1.2300666666666667e-05,0.77,11550,,,,,,,,,,,,,
0.014758634567260741,0.005287290085107088,1.2267333333333334e-05,0.7733333333333333,11600,,,,,,,,,,,,,
0.04522346496582031,0.0068304832093417645,1.2234000000000002e-05,0.7766666666666666,11650,,,,,,,,,,,,,
0.022397000789642334,0.008295307867228985,1.2200666666666667e-05,0.78,11700,,,,,,,,,,,,,
0.011935259103775025,0.006562778726220131,1.2167333333333333e-05,0.7833333333333333,11750,,,,,,,,,,,,,
0.007635850310325622,0.0031534642912447453,1.2134000000000001e-05,0.7866666666666666,11800,,,,,,,,,,,,,
0.02982029676437378,84.64259338378906,1.2100666666666667e-05,0.79,11850,,,,,,,,,,,,,
0.024976489543914796,1.0632061958312988,1.2067333333333336e-05,0.7933333333333333,11900,,,,,,,,,,,,,
0.04737857818603516,0.06864800304174423,1.2034000000000002e-05,0.7966666666666666,11950,,,,,,,,,,,,,
0.0005511561408638954,0.006868170108646154,1.2000666666666667e-05,0.8,12000,,,,,,,,,,,,,
0.0021343907713890077,0.006944543216377497,1.1967333333333335e-05,0.8033333333333333,12050,,,,,,,,,,,,,
0.004009236395359039,0.00458128284662962,1.1934000000000001e-05,0.8066666666666666,12100,,,,,,,,,,,,,
0.0007652771472930908,0.005685914307832718,1.1900666666666668e-05,0.81,12150,,,,,,,,,,,,,
0.06124307155609131,0.0072045475244522095,1.1867333333333336e-05,0.8133333333333334,12200,,,,,,,,,,,,,
0.01909770131111145,0.007787767332047224,1.1834e-05,0.8166666666666667,12250,,,,,,,,,,,,,
0.013886306285858154,0.007526637986302376,1.1800666666666667e-05,0.82,12300,,,,,,,,,,,,,
0.0009285522252321243,0.004407359752804041,1.1767333333333335e-05,0.8233333333333334,12350,,,,,,,,,,,,,
0.021757049560546873,0.005949142388999462,1.1734000000000001e-05,0.8266666666666667,12400,,,,,,,,,,,,,
0.00040448766201734543,0.0030600165482610464,1.1700666666666666e-05,0.83,12450,,,,,,,,,,,,,
0.007038977742195129,0.004020748194307089,1.1667333333333334e-05,0.8333333333333334,12500,,,,,,,,,,,,,
0.030326693058013915,0.005446357186883688,1.1634e-05,0.8366666666666667,12550,,,,,,,,,,,,,
0.029179558753967286,0.006598227191716433,1.1600666666666667e-05,0.84,12600,,,,,,,,,,,,,
0.06522861003875732,0.02726079151034355,1.1567333333333335e-05,0.8433333333333334,12650,,,,,,,,,,,,,
0.0015360698103904723,0.014134532772004604,1.1534e-05,0.8466666666666667,12700,,,,,,,,,,,,,
0.03202043771743775,10.857418060302734,1.1500666666666666e-05,0.85,12750,,,,,,,,,,,,,
0.018162992000579834,0.0074969991110265255,1.1467333333333335e-05,0.8533333333333334,12800,,,,,,,,,,,,,
0.0075423729419708254,0.005278065335005522,1.1434000000000001e-05,0.8566666666666667,12850,,,,,,,,,,,,,
0.001136583834886551,0.00505248224362731,1.1400666666666666e-05,0.86,12900,,,,,,,,,,,,,
0.016617170572280883,0.006506375502794981,1.1367333333333334e-05,0.8633333333333333,12950,,,,,,,,,,,,,
0.035403718948364256,0.007210662122815847,1.1334e-05,0.8666666666666667,13000,,,,,,,,,,,,,
0.013662978410720825,0.004839633125811815,1.1300666666666668e-05,0.87,13050,,,,,,,,,,,,,
0.0008409721404314041,0.003080499591305852,1.1267333333333335e-05,0.8733333333333333,13100,,,,,,,,,,,,,
0.022665183544158935,0.005357515066862106,1.1234000000000001e-05,0.8766666666666667,13150,,,,,,,,,,,,,
0.027830862998962404,0.0040276250801980495,1.120066666666667e-05,0.88,13200,,,,,,,,,,,,,
0.02362671375274658,0.005928586237132549,1.1167333333333334e-05,0.8833333333333333,13250,,,,,,,,,,,,,
0.01906313180923462,0.007389326114207506,1.1134e-05,0.8866666666666667,13300,,,,,,,,,,,,,
0.013771078586578368,0.39682504534721375,1.1100666666666669e-05,0.89,13350,,,,,,,,,,,,,
0.003278009295463562,0.006280416157096624,1.1067333333333335e-05,0.8933333333333333,13400,,,,,,,,,,,,,
0.00745340645313263,0.0032194529194384813,1.1034e-05,0.8966666666666666,13450,,,,,,,,,,,,,
0.02231464385986328,0.006034828722476959,1.1000666666666668e-05,0.9,13500,,,,,,,,,,,,,
0.025235347747802735,0.010334713384509087,1.0967333333333334e-05,0.9033333333333333,13550,,,,,,,,,,,,,
0.0012316815555095673,0.0027349786832928658,1.0934e-05,0.9066666666666666,13600,,,,,,,,,,,,,
0.0511965799331665,0.003821030491963029,1.0900666666666669e-05,0.91,13650,,,,,,,,,,,,,
0.017177729606628417,0.006052060984075069,1.0867333333333334e-05,0.9133333333333333,13700,,,,,,,,,,,,,
0.008421422243118286,0.004389267414808273,1.0834e-05,0.9166666666666666,13750,,,,,,,,,,,,,
0.044267196655273434,0.005519685801118612,1.0800666666666668e-05,0.92,13800,,,,,,,,,,,,,
0.002947291433811188,0.004046535585075617,1.0767333333333334e-05,0.9233333333333333,13850,,,,,,,,,,,,,
0.022115259170532225,0.010992093943059444,1.0734e-05,0.9266666666666666,13900,,,,,,,,,,,,,
0.01848415970802307,0.019038163125514984,1.0700666666666667e-05,0.93,13950,,,,,,,,,,,,,
0.042582039833068845,0.035273924469947815,1.0667333333333334e-05,0.9333333333333333,14000,,,,,,,,,,,,,
0.0028443798422813416,0.013812166638672352,1.0634e-05,0.9366666666666666,14050,,,,,,,,,,,,,
0.037744739055633546,0.008697526529431343,1.0600666666666668e-05,0.94,14100,,,,,,,,,,,,,
0.024471940994262694,0.00392513070255518,1.0567333333333335e-05,0.9433333333333334,14150,,,,,,,,,,,,,
0.022237792015075683,0.010368126444518566,1.0534e-05,0.9466666666666667,14200,,,,,,,,,,,,,
0.0007205343246459961,0.17225128412246704,1.0500666666666668e-05,0.95,14250,,,,,,,,,,,,,
0.03156582355499268,1.2144286632537842,1.0467333333333334e-05,0.9533333333333334,14300,,,,,,,,,,,,,
0.004986700713634491,0.2950030565261841,1.0434000000000002e-05,0.9566666666666667,14350,,,,,,,,,,,,,
0.03264930009841919,0.004766424186527729,1.0400666666666669e-05,0.96,14400,,,,,,,,,,,,,
0.011761467456817627,0.003755162702873349,1.0367333333333333e-05,0.9633333333333334,14450,,,,,,,,,,,,,
0.03292133569717407,0.0039644199423491955,1.0334000000000001e-05,0.9666666666666667,14500,,,,,,,,,,,,,
0.005835427641868591,0.007519076578319073,1.0300666666666668e-05,0.97,14550,,,,,,,,,,,,,
0.01276295304298401,0.005421571899205446,1.0267333333333334e-05,0.9733333333333334,14600,,,,,,,,,,,,,
0.021198689937591553,0.004433996044099331,1.0234000000000002e-05,0.9766666666666667,14650,,,,,,,,,,,,,
0.033763816356658934,0.030371304601430893,1.0200666666666667e-05,0.98,14700,,,,,,,,,,,,,
0.010001791715621948,26.16712760925293,1.0167333333333333e-05,0.9833333333333333,14750,,,,,,,,,,,,,
0.07488635540008545,0.011119427159428596,1.0134000000000002e-05,0.9866666666666667,14800,,,,,,,,,,,,,
0.016412713527679444,0.01016232743859291,1.0100666666666668e-05,0.99,14850,,,,,,,,,,,,,
0.051651196479797365,0.043948959559202194,1.0067333333333333e-05,0.9933333333333333,14900,,,,,,,,,,,,,
0.017459089756011962,0.010092230513691902,1.0034e-05,0.9966666666666667,14950,,,,,,,,,,,,,
0.03717587947845459,0.018011106178164482,1.0000666666666667e-05,1.0,15000,,,,,,,,,,,,,
,,,1.0,15000,0.027497442439198494,0.99435,0.9935726292890339,0.9952456418383518,0.9944084318867831,892.5634,22.407,2.801,,,,,
0.02242159366607666,0.014021825045347214,9.967333333333334e-06,1.0033333333333334,15050,,,,,,,,,,,,,
0.004794716238975525,0.009479382075369358,9.934e-06,1.0066666666666666,15100,,,,,,,,,,,,,
0.00038214121013879776,0.012414663098752499,9.900666666666667e-06,1.01,15150,,,,,,,,,,,,,
0.02035606384277344,0.011757411062717438,9.867333333333335e-06,1.0133333333333334,15200,,,,,,,,,,,,,
0.004266084730625152,0.016461385414004326,9.834000000000001e-06,1.0166666666666666,15250,,,,,,,,,,,,,
0.006826421618461609,0.013200357556343079,9.800666666666667e-06,1.02,15300,,,,,,,,,,,,,
0.00028969360515475274,0.004368946421891451,9.767333333333334e-06,1.0233333333333334,15350,,,,,,,,,,,,,
0.04054315090179443,0.006617079488933086,9.734000000000002e-06,1.0266666666666666,15400,,,,,,,,,,,,,
0.0004773194342851639,0.00714463833719492,9.700666666666667e-06,1.03,15450,,,,,,,,,,,,,
0.016581873893737793,0.008063940331339836,9.667333333333335e-06,1.0333333333333334,15500,,,,,,,,,,,,,
0.017693686485290527,0.4100165069103241,9.634000000000001e-06,1.0366666666666666,15550,,,,,,,,,,,,,
0.04350554943084717,0.010220367461442947,9.600666666666668e-06,1.04,15600,,,,,,,,,,,,,
0.021321051120758057,0.02588963694870472,9.567333333333334e-06,1.0433333333333334,15650,,,,,,,,,,,,,
0.017622482776641846,0.010261774994432926,9.534e-06,1.0466666666666666,15700,,,,,,,,,,,,,
0.00831723153591156,0.00909444224089384,9.500666666666667e-06,1.05,15750,,,,,,,,,,,,,
0.0036480727791786192,0.0102356793358922,9.467333333333333e-06,1.0533333333333332,15800,,,,,,,,,,,,,
0.008238051533699036,0.003058450762182474,9.434000000000001e-06,1.0566666666666666,15850,,,,,,,,,,,,,
0.021396996974945067,0.006973845884203911,9.400666666666668e-06,1.06,15900,,,,,,,,,,,,,
0.01625468373298645,0.09711530804634094,9.367333333333334e-06,1.0633333333333332,15950,,,,,,,,,,,,,
0.004627551734447479,0.012761049903929234,9.334e-06,1.0666666666666667,16000,,,,,,,,,,,,,
0.04546669483184815,0.021767741069197655,9.300666666666667e-06,1.07,16050,,,,,,,,,,,,,
0.002047616243362427,0.006259871181100607,9.267333333333334e-06,1.0733333333333333,16100,,,,,,,,,,,,,
0.0005972663685679436,0.006842744071036577,9.234e-06,1.0766666666666667,16150,,,,,,,,,,,,,
0.024113221168518065,0.006692055147141218,9.200666666666668e-06,1.08,16200,,,,,,,,,,,,,
0.03253151655197144,0.01567702740430832,9.167333333333333e-06,1.0833333333333333,16250,,,,,,,,,,,,,
0.004382984042167664,0.01477275975048542,9.134000000000001e-06,1.0866666666666667,16300,,,,,,,,,,,,,
0.00031374897807836535,0.004746846854686737,9.100666666666667e-06,1.09,16350,,,,,,,,,,,,,
0.011715292930603027,0.007768087554723024,9.067333333333334e-06,1.0933333333333333,16400,,,,,,,,,,,,,
0.01959959864616394,0.010546943172812462,9.034e-06,1.0966666666666667,16450,,,,,,,,,,,,,
0.020236289501190184,0.01494509819895029,9.000666666666668e-06,1.1,16500,,,,,,,,,,,,,
0.02710592031478882,0.012039586901664734,8.967333333333335e-06,1.1033333333333333,16550,,,,,,,,,,,,,
0.005608502626419067,0.003368822857737541,8.934000000000001e-06,1.1066666666666667,16600,,,,,,,,,,,,,
0.015169850587844848,0.003358657006174326,8.900666666666668e-06,1.11,16650,,,,,,,,,,,,,
0.036619925498962404,0.003581453813239932,8.867333333333334e-06,1.1133333333333333,16700,,,,,,,,,,,,,
0.0013861346244812011,0.009281582199037075,8.834e-06,1.1166666666666667,16750,,,,,,,,,,,,,
0.019639776945114137,0.006687070708721876,8.800666666666667e-06,1.12,16800,,,,,,,,,,,,,
0.02563966989517212,0.013835199177265167,8.767333333333335e-06,1.1233333333333333,16850,,,,,,,,,,,,,
0.0004835990443825722,0.014045784249901772,8.734e-06,1.1266666666666667,16900,,,,,,,,,,,,,
0.003822198808193207,0.005973498802632093,8.700666666666668e-06,1.13,16950,,,,,,,,,,,,,
0.03559944629669189,0.012081500142812729,8.667333333333334e-06,1.1333333333333333,17000,,,,,,,,,,,,,
0.025118539333343504,0.004507092293351889,8.634e-06,1.1366666666666667,17050,,,,,,,,,,,,,
0.00936606466770172,0.009447050280869007,8.600666666666667e-06,1.1400000000000001,17100,,,,,,,,,,,,,
0.048504424095153806,0.014917232096195221,8.567333333333334e-06,1.1433333333333333,17150,,,,,,,,,,,,,
0.003982650935649872,0.0192928034812212,8.534000000000002e-06,1.1466666666666667,17200,,,,,,,,,,,,,
0.0003736325353384018,0.004842093680053949,8.500666666666666e-06,1.15,17250,,,,,,,,,,,,,
0.037515647411346435,0.01780536398291588,8.467333333333334e-06,1.1533333333333333,17300,,,,,,,,,,,,,
0.008364877104759217,0.015340826474130154,8.434000000000001e-06,1.1566666666666667,17350,,,,,,,,,,,,,
0.00033058416098356245,0.012520266696810722,8.400666666666667e-06,1.16,17400,,,,,,,,,,,,,
0.00200312003493309,0.012690351344645023,8.367333333333334e-06,1.1633333333333333,17450,,,,,,,,,,,,,
0.0002576446533203125,0.003454473102465272,8.334e-06,1.1666666666666667,17500,,,,,,,,,,,,,
0.0215472149848938,0.012314185500144958,8.300666666666667e-06,1.17,17550,,,,,,,,,,,,,
0.019509605169296264,0.006662079133093357,8.267333333333335e-06,1.1733333333333333,17600,,,,,,,,,,,,,
0.04695290565490723,1.434273362159729,8.234000000000001e-06,1.1766666666666667,17650,,,,,,,,,,,,,
0.01941592574119568,0.002231224440038204,8.200666666666668e-06,1.18,17700,,,,,,,,,,,,,
0.0003845217451453209,0.0162337739020586,8.167333333333334e-06,1.1833333333333333,17750,,,,,,,,,,,,,
0.017617884874343872,0.00883133802562952,8.134e-06,1.1866666666666668,17800,,,,,,,,,,,,,
0.00038044709712266924,0.008820929564535618,8.100666666666669e-06,1.19,17850,,,,,,,,,,,,,
0.00023989595472812653,0.006158752366900444,8.067333333333333e-06,1.1933333333333334,17900,,,,,,,,,,,,,
0.00021473642438650132,0.0029636549297720194,8.034000000000001e-06,1.1966666666666668,17950,,,,,,,,,,,,,
0.017517887353897095,0.007410981226712465,8.000666666666668e-06,1.2,18000,,,,,,,,,,,,,
0.0004270458221435547,0.004863373003900051,7.967333333333334e-06,1.2033333333333334,18050,,,,,,,,,,,,,
0.037042555809020994,0.0045214067213237286,7.934e-06,1.2066666666666666,18100,,,,,,,,,,,,,
0.03826476573944092,0.017999868839979172,7.900666666666667e-06,1.21,18150,,,,,,,,,,,,,
0.00047844748944044115,0.01419954001903534,7.867333333333333e-06,1.2133333333333334,18200,,,,,,,,,,,,,
0.00031009901314973834,0.012229535728693008,7.834e-06,1.2166666666666668,18250,,,,,,,,,,,,,
0.0322232985496521,0.007098194677382708,7.800666666666668e-06,1.22,18300,,,,,,,,,,,,,
0.008670607805252075,0.004905328154563904,7.767333333333334e-06,1.2233333333333334,18350,,,,,,,,,,,,,
0.007143189311027527,0.007994630374014378,7.734e-06,1.2266666666666666,18400,,,,,,,,,,,,,
0.03846820831298828,0.012154747731983662,7.700666666666667e-06,1.23,18450,,,,,,,,,,,,,
0.0048067417740821836,0.007212389260530472,7.667333333333334e-06,1.2333333333333334,18500,,,,,,,,,,,,,
0.0045762968063354495,0.002862175926566124,7.634e-06,1.2366666666666666,18550,,,,,,,,,,,,,
0.0014818723499774933,0.0029238106217235327,7.600666666666667e-06,1.24,18600,,,,,,,,,,,,,
0.044030466079711915,0.007265126332640648,7.567333333333335e-06,1.2433333333333334,18650,,,,,,,,,,,,,
0.038769538402557376,0.010778399184346199,7.534e-06,1.2466666666666666,18700,,,,,,,,,,,,,
0.020381953716278076,0.01969180628657341,7.5006666666666675e-06,1.25,18750,,,,,,,,,,,,,
0.006851967573165894,0.01417003758251667,7.467333333333334e-06,1.2533333333333334,18800,,,,,,,,,,,,,
0.0058539962768554684,0.008526538498699665,7.434e-06,1.2566666666666666,18850,,,,,,,,,,,,,
0.03005831241607666,0.006699720397591591,7.400666666666667e-06,1.26,18900,,,,,,,,,,,,,
0.027044696807861326,0.012022171169519424,7.367333333333334e-06,1.2633333333333332,18950,,,,,,,,,,,,,
0.0009693445265293121,0.010908691212534904,7.334000000000001e-06,1.2666666666666666,19000,,,,,,,,,,,,,
0.03697664499282837,0.004055303521454334,7.300666666666667e-06,1.27,19050,,,,,,,,,,,,,
0.023954286575317382,0.008796465583145618,7.267333333333334e-06,1.2733333333333334,19100,,,,,,,,,,,,,
0.0008406348526477814,0.009649277664721012,7.234000000000001e-06,1.2766666666666666,19150,,,,,,,,,,,,,
0.0052670156955718994,0.005276532843708992,7.200666666666667e-06,1.28,19200,,,,,,,,,,,,,
0.005646006464958191,0.00661476282402873,7.167333333333334e-06,1.2833333333333332,19250,,,,,,,,,,,,,
0.025252063274383545,0.008679448626935482,7.134000000000001e-06,1.2866666666666666,19300,,,,,,,,,,,,,
0.03362903118133545,35.017555236816406,7.100666666666667e-06,1.29,19350,,,,,,,,,,,,,
0.004467059969902039,0.006827356293797493,7.0673333333333335e-06,1.2933333333333334,19400,,,,,,,,,,,,,
0.02768599271774292,0.006569250021129847,7.034000000000001e-06,1.2966666666666666,19450,,,,,,,,,,,,,
0.018496285676956176,0.00571507029235363,7.000666666666666e-06,1.3,19500,,,,,,,,,,,,,
0.036897921562194826,0.05229979753494263,6.967333333333334e-06,1.3033333333333332,19550,,,,,,,,,,,,,
0.00479605495929718,0.016818752512335777,6.934000000000001e-06,1.3066666666666666,19600,,,,,,,,,,,,,
0.004311039447784424,0.010408946312963963,6.900666666666668e-06,1.31,19650,,,,,,,,,,,,,
0.0029805874824523925,0.002809693804010749,6.867333333333334e-06,1.3133333333333335,19700,,,,,,,,,,,,,
0.0004900936037302017,0.0031748011242598295,6.834000000000001e-06,1.3166666666666667,19750,,,,,,,,,,,,,
0.000150414165109396,0.0027641886845231056,6.800666666666667e-06,1.32,19800,,,,,,,,,,,,,
0.016538978815078736,0.006739984732121229,6.767333333333334e-06,1.3233333333333333,19850,,,,,,,,,,,,,
0.005943259000778198,0.0017731757834553719,6.734e-06,1.3266666666666667,19900,,,,,,,,,,,,,
0.046779241561889645,0.012579930014908314,6.7006666666666675e-06,1.33,19950,,,,,,,,,,,,,
0.038199973106384275,0.013131989166140556,6.667333333333333e-06,1.3333333333333333,20000,,,,,,,,,,,,,
0.00990882635116577,0.013938836753368378,6.634e-06,1.3366666666666667,20050,,,,,,,,,,,,,
0.017886847257614136,0.01291500125080347,6.600666666666668e-06,1.34,20100,,,,,,,,,,,,,
0.0025870659947395324,0.016430236399173737,6.567333333333333e-06,1.3433333333333333,20150,,,,,,,,,,,,,
0.03557183027267456,0.0075416904874145985,6.5340000000000005e-06,1.3466666666666667,20200,,,,,,,,,,,,,
0.0012619169056415558,0.011368519626557827,6.500666666666668e-06,1.35,20250,,,,,,,,,,,,,
0.0020914648473262785,0.005642418749630451,6.467333333333334e-06,1.3533333333333333,20300,,,,,,,,,,,,,
0.0041774043440818785,0.0022823228500783443,6.4340000000000006e-06,1.3566666666666667,20350,,,,,,,,,,,,,
0.00017772318795323373,0.0033283205702900887,6.400666666666667e-06,1.3599999999999999,20400,,,,,,,,,,,,,
0.0030116641521453855,0.028485070914030075,6.367333333333334e-06,1.3633333333333333,20450,,,,,,,,,,,,,
0.0032333657145500183,0.003942715469747782,6.334e-06,1.3666666666666667,20500,,,,,,,,,,,,,
0.00012770894914865494,0.005122372880578041,6.300666666666667e-06,1.37,20550,,,,,,,,,,,,,
0.014507783651351929,0.0022146208211779594,6.267333333333334e-06,1.3733333333333333,20600,,,,,,,,,,,,,
0.0001057450007647276,0.0033042156137526035,6.234e-06,1.3766666666666667,20650,,,,,,,,,,,,,
0.006068552732467651,0.003914413973689079,6.200666666666667e-06,1.38,20700,,,,,,,,,,,,,
0.023337745666503908,0.002783100586384535,6.1673333333333345e-06,1.3833333333333333,20750,,,,,,,,,,,,,
0.04800938606262207,0.003955342806875706,6.134e-06,1.3866666666666667,20800,,,,,,,,,,,,,
0.038796281814575194,0.0035217823460698128,6.100666666666667e-06,1.3900000000000001,20850,,,,,,,,,,,,,
0.03666649103164673,0.007085498888045549,6.067333333333334e-06,1.3933333333333333,20900,,,,,,,,,,,,,
0.005429348945617676,0.008805292658507824,6.034000000000001e-06,1.3966666666666667,20950,,,,,,,,,,,,,
0.005656087994575501,0.0015378203243017197,6.000666666666667e-06,1.4,21000,,,,,,,,,,,,,
0.0008751770853996277,0.0047721560113132,5.967333333333334e-06,1.4033333333333333,21050,,,,,,,,,,,,,
0.0025540897250175476,0.005427748896181583,5.934000000000001e-06,1.4066666666666667,21100,,,,,,,,,,,,,
0.02067060947418213,0.006032864563167095,5.900666666666667e-06,1.41,21150,,,,,,,,,,,,,
0.0005571748316287995,0.0038137331139296293,5.867333333333334e-06,1.4133333333333333,21200,,,,,,,,,,,,,
0.0001648799329996109,0.002770735416561365,5.834e-06,1.4166666666666667,21250,,,,,,,,,,,,,
0.01555080533027649,0.003965139389038086,5.800666666666667e-06,1.42,21300,,,,,,,,,,,,,
0.011738328933715821,0.006643212400376797,5.767333333333334e-06,1.4233333333333333,21350,,,,,,,,,,,,,
0.01450384259223938,0.008769373409450054,5.7340000000000005e-06,1.4266666666666667,21400,,,,,,,,,,,,,
0.0006655032187700272,0.005587360821664333,5.700666666666668e-06,1.43,21450,,,,,,,,,,,,,
0.02466146945953369,0.008127928711473942,5.667333333333333e-06,1.4333333333333333,21500,,,,,,,,,,,,,
0.015729349851608277,0.002237387467175722,5.634000000000001e-06,1.4366666666666665,21550,,,,,,,,,,,,,
0.006143487095832825,0.003705713665112853,5.600666666666668e-06,1.44,21600,,,,,,,,,,,,,
0.021841399669647217,0.4643355906009674,5.5673333333333334e-06,1.4433333333333334,21650,,,,,,,,,,,,,
0.005581777095794677,0.0048062619753181934,5.534000000000001e-06,1.4466666666666668,21700,,,,,,,,,,,,,
0.026234591007232667,0.005419954191893339,5.500666666666667e-06,1.45,21750,,,,,,,,,,,,,
0.021641838550567626,0.027998313307762146,5.4673333333333336e-06,1.4533333333333334,21800,,,,,,,,,,,,,
0.03660486936569214,0.055048868060112,5.434e-06,1.4566666666666666,21850,,,,,,,,,,,,,
0.005853636860847473,0.01937170885503292,5.400666666666667e-06,1.46,21900,,,,,,,,,,,,,
0.03781602382659912,0.016462063416838646,5.367333333333334e-06,1.4633333333333334,21950,,,,,,,,,,,,,
0.0435643196105957,0.010605731047689915,5.334e-06,1.4666666666666668,22000,,,,,,,,,,,,,
0.001621750146150589,0.018912285566329956,5.300666666666667e-06,1.47,22050,,,,,,,,,,,,,
0.023752286434173583,0.007801056373864412,5.267333333333335e-06,1.4733333333333334,22100,,,,,,,,,,,,,
0.0010669966787099838,0.0032315643038600683,5.234e-06,1.4766666666666666,22150,,,,,,,,,,,,,
0.0007615289837121964,0.004742637742310762,5.2006666666666675e-06,1.48,22200,,,,,,,,,,,,,
0.0019521254301071167,0.005515561904758215,5.167333333333334e-06,1.4833333333333334,22250,,,,,,,,,,,,,
0.00011826842091977596,0.0028358621057122946,5.134e-06,1.4866666666666668,22300,,,,,,,,,,,,,
0.006757302284240723,0.0035014653112739325,5.100666666666667e-06,1.49,22350,,,,,,,,,,,,,
0.022554759979248048,0.004932396113872528,5.067333333333334e-06,1.4933333333333334,22400,,,,,,,,,,,,,
0.006995860338211059,0.0017206339398398995,5.0339999999999996e-06,1.4966666666666666,22450,,,,,,,,,,,,,
0.0011384060978889465,0.002397491130977869,5.000666666666667e-06,1.5,22500,,,,,,,,,,,,,
0.006302095055580139,0.003003949299454689,4.967333333333334e-06,1.5033333333333334,22550,,,,,,,,,,,,,
0.020068385601043702,0.00374922389164567,4.9340000000000005e-06,1.5066666666666668,22600,,,,,,,,,,,,,
0.04158797740936279,0.008359323255717754,4.900666666666667e-06,1.51,22650,,,,,,,,,,,,,
0.016170867681503297,0.009084679186344147,4.867333333333334e-06,1.5133333333333332,22700,,,,,,,,,,,,,
0.0016202041506767273,0.00402086554095149,4.834000000000001e-06,1.5166666666666666,22750,,,,,,,,,,,,,
0.048939781188964845,1.4470261335372925,4.800666666666667e-06,1.52,22800,,,,,,,,,,,,,
0.027083120346069335,0.02677118591964245,4.7673333333333335e-06,1.5233333333333334,22850,,,,,,,,,,,,,
0.0011612149327993393,0.011695283465087414,4.734e-06,1.5266666666666666,22900,,,,,,,,,,,,,
0.004814024865627289,0.006026039831340313,4.700666666666667e-06,1.53,22950,,,,,,,,,,,,,
0.04092370510101318,0.0036301075015217066,4.667333333333334e-06,1.5333333333333332,23000,,,,,,,,,,,,,
0.004349400699138642,0.017683224752545357,4.634e-06,1.5366666666666666,23050,,,,,,,,,,,,,
0.0020957177877426146,0.0056608691811561584,4.600666666666667e-06,1.54,23100,,,,,,,,,,,,,
0.0019046969711780549,0.012973406352102757,4.567333333333334e-06,1.5433333333333334,23150,,,,,,,,,,,,,
0.017392191886901855,0.009268386289477348,4.534000000000001e-06,1.5466666666666666,23200,,,,,,,,,,,,,
0.0024771846830844877,0.010534466244280338,4.500666666666667e-06,1.55,23250,,,,,,,,,,,,,
0.02284526824951172,0.016679711639881134,4.467333333333334e-06,1.5533333333333332,23300,,,,,,,,,,,,,
0.0007522168755531311,0.0024958073627203703,4.434e-06,1.5566666666666666,23350,,,,,,,,,,,,,
0.01803290843963623,0.00867144949734211,4.400666666666667e-06,1.56,23400,,,,,,,,,,,,,
0.014097189903259278,40.21015548706055,4.367333333333333e-06,1.5633333333333335,23450,,,,,,,,,,,,,
0.00567229151725769,0.0035588552709668875,4.334e-06,1.5666666666666667,23500,,,,,,,,,,,,,
0.01680397629737854,0.002297045895829797,4.300666666666667e-06,1.5699999999999998,23550,,,,,,,,,,,,,
0.003871724009513855,0.002663655672222376,4.267333333333334e-06,1.5733333333333333,23600,,,,,,,,,,,,,
0.010588558912277222,0.005329147446900606,4.2340000000000005e-06,1.5766666666666667,23650,,,,,,,,,,,,,
0.03688662052154541,0.004252004902809858,4.200666666666667e-06,1.58,23700,,,,,,,,,,,,,
0.03718982696533203,0.006894374266266823,4.167333333333334e-06,1.5833333333333335,23750,,,,,,,,,,,,,
0.003678577244281769,0.012100518681108952,4.1340000000000006e-06,1.5866666666666667,23800,,,,,,,,,,,,,
0.05686924934387207,0.008937444537878036,4.100666666666667e-06,1.5899999999999999,23850,,,,,,,,,,,,,
0.0004046686366200447,0.016707509756088257,4.067333333333333e-06,1.5933333333333333,23900,,,,,,,,,,,,,
0.0164337158203125,0.011951637454330921,4.034e-06,1.5966666666666667,23950,,,,,,,,,,,,,
0.012370078563690186,0.004434568341821432,4.000666666666667e-06,1.6,24000,,,,,,,,,,,,,
0.018824838399887085,0.012763001024723053,3.9673333333333335e-06,1.6033333333333335,24050,,,,,,,,,,,,,
0.03689010381698608,0.01730017550289631,3.934000000000001e-06,1.6066666666666667,24100,,,,,,,,,,,,,
0.0004491457715630531,0.007026927545666695,3.900666666666667e-06,1.6099999999999999,24150,,,,,,,,,,,,,
0.03181910991668701,0.018318798393011093,3.867333333333334e-06,1.6133333333333333,24200,,,,,,,,,,,,,
0.001032356321811676,0.017803190276026726,3.834000000000001e-06,1.6166666666666667,24250,,,,,,,,,,,,,
0.0016348777711391448,0.006201359909027815,3.800666666666667e-06,1.62,24300,,,,,,,,,,,,,
0.019691609144210816,0.0182748194783926,3.7673333333333333e-06,1.6233333333333333,24350,,,,,,,,,,,,,
0.01925807595252991,0.007248033303767443,3.7340000000000006e-06,1.6266666666666667,24400,,,,,,,,,,,,,
0.0009666083008050919,0.001512706745415926,3.700666666666667e-06,1.63,24450,,,,,,,,,,,,,
0.023916623592376708,0.005684096831828356,3.667333333333334e-06,1.6333333333333333,24500,,,,,,,,,,,,,
0.02299574375152588,0.017261212691664696,3.6340000000000003e-06,1.6366666666666667,24550,,,,,,,,,,,,,
0.00034615203738212584,0.02276879921555519,3.6006666666666667e-06,1.6400000000000001,24600,,,,,,,,,,,,,
0.006278027892112732,0.006649288814514875,3.567333333333334e-06,1.6433333333333333,24650,,,,,,,,,,,,,
0.02512104034423828,0.016878260299563408,3.5340000000000004e-06,1.6466666666666665,24700,,,,,,,,,,,,,
0.01299491047859192,0.00966116413474083,3.5006666666666672e-06,1.65,24750,,,,,,,,,,,,,
0.023041884899139404,0.005077090114355087,3.4673333333333337e-06,1.6533333333333333,24800,,,,,,,,,,,,,
0.019461848735809327,0.003949312027543783,3.434e-06,1.6566666666666667,24850,,,,,,,,,,,,,
0.028732314109802246,0.02130208909511566,3.400666666666667e-06,1.6600000000000001,24900,,,,,,,,,,,,,
0.004176467657089233,0.0031851092353463173,3.3673333333333338e-06,1.6633333333333333,24950,,,,,,,,,,,,,
0.024277286529541017,0.05356334149837494,3.334e-06,1.6666666666666665,25000,,,,,,,,,,,,,
0.005462682843208313,0.002662097802385688,3.300666666666667e-06,1.67,25050,,,,,,,,,,,,,
0.0002141120843589306,0.006138624623417854,3.2673333333333334e-06,1.6733333333333333,25100,,,,,,,,,,,,,
0.0018514487147331237,0.0005045838188380003,3.2340000000000003e-06,1.6766666666666667,25150,,,,,,,,,,,,,
0.024189462661743166,0.0028291367925703526,3.2006666666666667e-06,1.6800000000000002,25200,,,,,,,,,,,,,
0.024633171558380126,0.00509485462680459,3.1673333333333336e-06,1.6833333333333333,25250,,,,,,,,,,,,,
0.00020500222221016883,0.008430940099060535,3.1340000000000004e-06,1.6866666666666665,25300,,,,,,,,,,,,,
0.018333210945129394,0.01374755334109068,3.100666666666667e-06,1.69,25350,,,,,,,,,,,,,
0.021487905979156494,0.011285061948001385,3.0673333333333337e-06,1.6933333333333334,25400,,,,,,,,,,,,,
0.033839681148529054,0.00746568338945508,3.034e-06,1.6966666666666668,25450,,,,,,,,,,,,,
0.0020009800791740417,0.001070673344656825,3.000666666666667e-06,1.7,25500,,,,,,,,,,,,,
0.020139474868774414,0.0069624618627130985,2.9673333333333338e-06,1.7033333333333334,25550,,,,,,,,,,,,,
0.015336220264434814,0.0016621833201497793,2.934e-06,1.7066666666666666,25600,,,,,,,,,,,,,
0.0003058670274913311,0.007899219170212746,2.9006666666666666e-06,1.71,25650,,,,,,,,,,,,,
0.026755850315093994,0.004621259868144989,2.8673333333333335e-06,1.7133333333333334,25700,,,,,,,,,,,,,
0.00030446730554103854,0.006171060260385275,2.834e-06,1.7166666666666668,25750,,,,,,,,,,,,,
0.02600304365158081,0.005952210631221533,2.800666666666667e-06,1.72,25800,,,,,,,,,,,,,
0.016315906047821044,0.021489566192030907,2.7673333333333336e-06,1.7233333333333334,25850,,,,,,,,,,,,,
0.08508198738098144,0.6892920732498169,2.734e-06,1.7266666666666666,25900,,,,,,,,,,,,,
0.01729686737060547,0.017517374828457832,2.700666666666667e-06,1.73,25950,,,,,,,,,,,,,
0.0023381032049655916,0.013737751170992851,2.6673333333333333e-06,1.7333333333333334,26000,,,,,,,,,,,,,
0.01683476209640503,0.3061477243900299,2.6340000000000005e-06,1.7366666666666668,26050,,,,,,,,,,,,,
0.019170334339141847,0.01904703676700592,2.600666666666667e-06,1.74,26100,,,,,,,,,,,,,
0.03659503221511841,0.015212778933346272,2.5673333333333334e-06,1.7433333333333332,26150,,,,,,,,,,,,,
0.005306395888328552,0.029156507924199104,2.5340000000000002e-06,1.7466666666666666,26200,,,,,,,,,,,,,
0.011683663129806518,0.00509856129065156,2.5006666666666666e-06,1.75,26250,,,,,,,,,,,,,
0.0055870205163955685,0.004245697520673275,2.4673333333333335e-06,1.7533333333333334,26300,,,,,,,,,,,,,
0.015540897846221924,0.004075691103935242,2.4340000000000003e-06,1.7566666666666668,26350,,,,,,,,,,,,,
0.021747305393218994,0.0018242142396047711,2.400666666666667e-06,1.76,26400,,,,,,,,,,,,,
0.01766935586929321,0.00325010996311903,2.3673333333333336e-06,1.7633333333333332,26450,,,,,,,,,,,,,
0.0010523511469364166,0.012829377315938473,2.334e-06,1.7666666666666666,26500,,,,,,,,,,,,,
0.022337806224823,0.005517390090972185,2.300666666666667e-06,1.77,26550,,,,,,,,,,,,,
0.005300540924072266,0.002047185553237796,2.2673333333333337e-06,1.7733333333333334,26600,,,,,,,,,,,,,
0.004515434205532074,0.006951587740331888,2.234e-06,1.7766666666666666,26650,,,,,,,,,,,,,
0.025897388458251954,0.005094427615404129,2.200666666666667e-06,1.78,26700,,,,,,,,,,,,,
0.00021007159724831581,0.009802499786019325,2.1673333333333334e-06,1.7833333333333332,26750,,,,,,,,,,,,,
0.001874150037765503,0.023097902536392212,2.1340000000000002e-06,1.7866666666666666,26800,,,,,,,,,,,,,
0.038447983264923095,0.010995091870427132,2.100666666666667e-06,1.79,26850,,,,,,,,,,,,,
0.006099550127983093,0.01946137472987175,2.0673333333333335e-06,1.7933333333333334,26900,,,,,,,,,,,,,
0.05973726749420166,0.005462477449327707,2.0340000000000003e-06,1.7966666666666666,26950,,,,,,,,,,,,,
0.005230767130851746,0.008665346540510654,2.0006666666666668e-06,1.8,27000,,,,,,,,,,,,,
0.03254613876342773,0.006140280049294233,1.9673333333333336e-06,1.8033333333333332,27050,,,,,,,,,,,,,
0.02034764289855957,0.008746286854147911,1.934e-06,1.8066666666666666,27100,,,,,,,,,,,,,
0.0048888039588928225,0.0034360212739557028,1.9006666666666667e-06,1.81,27150,,,,,,,,,,,,,
0.012164690494537354,0.0031046061776578426,1.8673333333333335e-06,1.8133333333333335,27200,,,,,,,,,,,,,
0.02275872468948364,0.007513827178627253,1.8340000000000001e-06,1.8166666666666667,27250,,,,,,,,,,,,,
0.01706644892692566,0.10123129189014435,1.800666666666667e-06,1.8199999999999998,27300,,,,,,,,,,,,,
0.017368565797805786,0.006453268229961395,1.7673333333333334e-06,1.8233333333333333,27350,,,,,,,,,,,,,
0.001073240265250206,0.30242541432380676,1.734e-06,1.8266666666666667,27400,,,,,,,,,,,,,
0.0009937628358602524,0.003994545433670282,1.7006666666666669e-06,1.83,27450,,,,,,,,,,,,,
0.013953784704208374,0.01362311840057373,1.6673333333333335e-06,1.8333333333333335,27500,,,,,,,,,,,,,
0.001028595045208931,0.005388543009757996,1.634e-06,1.8366666666666667,27550,,,,,,,,,,,,,
0.020036675930023194,0.1622503399848938,1.6006666666666668e-06,1.8399999999999999,27600,,,,,,,,,,,,,
0.004355573356151581,0.005571561865508556,1.5673333333333334e-06,1.8433333333333333,27650,,,,,,,,,,,,,
0.0009822823852300643,0.004659955855458975,1.5340000000000003e-06,1.8466666666666667,27700,,,,,,,,,,,,,
0.0016823923587799073,0.006924811750650406,1.5006666666666667e-06,1.85,27750,,,,,,,,,,,,,
0.002237056791782379,0.007233531214296818,1.4673333333333333e-06,1.8533333333333335,27800,,,,,,,,,,,,,
0.0036384835839271545,0.002965728985145688,1.4340000000000002e-06,1.8566666666666667,27850,,,,,,,,,,,,,
0.0202726149559021,0.005539378616958857,1.4006666666666668e-06,1.8599999999999999,27900,,,,,,,,,,,,,
0.021928951740264893,0.010993476025760174,1.3673333333333336e-06,1.8633333333333333,27950,,,,,,,,,,,,,
0.0009273050725460052,0.00497632147744298,1.334e-06,1.8666666666666667,28000,,,,,,,,,,,,,
0.00017146997153759004,0.0071234493516385555,1.3006666666666667e-06,1.87,28050,,,,,,,,,,,,,
0.0011650489270687103,0.00383486645296216,1.2673333333333335e-06,1.8733333333333333,28100,,,,,,,,,,,,,
0.0008668541163206101,0.002738949377089739,1.234e-06,1.8766666666666667,28150,,,,,,,,,,,,,
0.0009750562906265259,0.007890964858233929,1.2006666666666668e-06,1.88,28200,,,,,,,,,,,,,
0.018756082057952882,0.0046006860211491585,1.1673333333333334e-06,1.8833333333333333,28250,,,,,,,,,,,,,
0.0009453797340393066,0.004103883169591427,1.134e-06,1.8866666666666667,28300,,,,,,,,,,,,,
0.0011193956434726714,0.0036622064653784037,1.1006666666666667e-06,1.8900000000000001,28350,,,,,,,,,,,,,
0.01747086763381958,0.004041935317218304,1.0673333333333333e-06,1.8933333333333333,28400,,,,,,,,,,,,,
0.015587931871414185,0.002961881225928664,1.0340000000000002e-06,1.8966666666666665,28450,,,,,,,,,,,,,
0.0023239821195602415,0.004562911577522755,1.0006666666666668e-06,1.9,28500,,,,,,,,,,,,,
0.011078543663024902,0.8192719221115112,9.673333333333334e-07,1.9033333333333333,28550,,,,,,,,,,,,,
0.004470583200454712,0.002541505265980959,9.340000000000001e-07,1.9066666666666667,28600,,,,,,,,,,,,,
0.0024561865627765658,0.001421369961462915,9.006666666666668e-07,1.9100000000000001,28650,,,,,,,,,,,,,
0.0016257116198539734,0.004876803141087294,8.673333333333333e-07,1.9133333333333333,28700,,,,,,,,,,,,,
0.000936075672507286,0.0020282987970858812,8.340000000000001e-07,1.9166666666666665,28750,,,,,,,,,,,,,
0.023879668712615966,0.0020868575666099787,8.006666666666667e-07,1.92,28800,,,,,,,,,,,,,
0.0002049337513744831,0.003464591456577182,7.673333333333335e-07,1.9233333333333333,28850,,,,,,,,,,,,,
0.00011749629862606526,0.004639976657927036,7.340000000000001e-07,1.9266666666666667,28900,,,,,,,,,,,,,
0.0009138225018978118,0.003495162818580866,7.006666666666667e-07,1.9300000000000002,28950,,,,,,,,,,,,,
0.04092209339141846,0.0021272862795740366,6.673333333333335e-07,1.9333333333333333,29000,,,,,,,,,,,,,
0.05074477195739746,0.004165699239820242,6.34e-07,1.9366666666666665,29050,,,,,,,,,,,,,
0.03360844850540161,0.018118813633918762,6.006666666666667e-07,1.94,29100,,,,,,,,,,,,,
0.000988898053765297,0.004297457169741392,5.673333333333334e-07,1.9433333333333334,29150,,,,,,,,,,,,,
0.061422839164733886,0.005587309133261442,5.340000000000001e-07,1.9466666666666668,29200,,,,,,,,,,,,,
0.024568655490875245,0.008123543113470078,5.006666666666667e-07,1.95,29250,,,,,,,,,,,,,
0.052054920196533204,8.382596969604492,4.673333333333334e-07,1.9533333333333334,29300,,,,,,,,,,,,,
0.0010152889788150787,0.03858352452516556,4.3400000000000005e-07,1.9566666666666666,29350,,,,,,,,,,,,,
0.019082459211349486,0.011235776357352734,4.006666666666667e-07,1.96,29400,,,,,,,,,,,,,
0.024882895946502684,0.004975129384547472,3.6733333333333337e-07,1.9633333333333334,29450,,,,,,,,,,,,,
0.00020865606144070624,0.006055431440472603,3.34e-07,1.9666666666666668,29500,,,,,,,,,,,,,
0.033122191429138186,2.660245895385742,3.006666666666667e-07,1.97,29550,,,,,,,,,,,,,
0.041743321418762205,0.005220536142587662,2.6733333333333337e-07,1.9733333333333334,29600,,,,,,,,,,,,,
0.0010857995599508285,0.004820306785404682,2.3400000000000003e-07,1.9766666666666666,29650,,,,,,,,,,,,,
0.0035987117886543273,0.0029610334895551205,2.006666666666667e-07,1.98,29700,,,,,,,,,,,,,
0.0010509929805994035,0.005270271562039852,1.6733333333333335e-07,1.9833333333333334,29750,,,,,,,,,,,,,
0.04097391605377197,0.0032361315097659826,1.34e-07,1.9866666666666668,29800,,,,,,,,,,,,,
0.01982871174812317,0.008268610574305058,1.0066666666666667e-07,1.99,29850,,,,,,,,,,,,,
0.014571363925933839,0.002861129818484187,6.733333333333334e-08,1.9933333333333332,29900,,,,,,,,,,,,,
0.0025267940759658813,0.006824155803769827,3.4e-08,1.9966666666666666,29950,,,,,,,,,,,,,
0.017243592739105223,0.003042197087779641,6.666666666666667e-10,2.0,30000,,,,,,,,,,,,,
,,,2.0,30000,0.027050768956542015,0.99575,0.996331184928111,0.9952456418383518,0.9957881175362965,856.5966,23.348,2.919,,,,,
,,,2.0,30000,,,,,,,,,68656.0197,3.496,0.437,7948043919360000.0,0.02422602450600825
